LATITUDE,PRECISION,INSPIRON,XPS,STUDIO,ALIENWARE,VENUE,G-SERIES,CHROMEBOOK,VOSTRO,ADAMO
LATITUDE 10 (ST2) TABLET,PRECISION 15 (3510),INSPIRON 1000,XPS 13 (7390),STUDIO 1435,ALIENWARE 13,VENUE 10 (5050),G SERIES G15 5510,CHROMEBOOK 11,VOSTRO 1000,ADAMO 13
LATITUDE 100L,PRECISION 15 (5510),INSPIRON 1018,XPS 13 (7390) 2-IN-1,STUDIO 1440,ALIENWARE 13 R2,VENUE 10 (7040),G SERIES G15 5511,CHROMEBOOK 11 (3120),VOSTRO 1014,ADAMO XPS
LATITUDE 10E (ST2E) TABLET,PRECISION 15 (7510),INSPIRON 11 (3135),XPS 13 (9310),STUDIO 1450,ALIENWARE 13 R3,VENUE 10 PRO (5055),G SERIES G15 5515 RYZEN EDITION,CHROMEBOOK 11 (3180),VOSTRO 1015,
LATITUDE 3150,PRECISION 17 (7710),INSPIRON 11 (3137),XPS 13 (9310) 2-IN-1,STUDIO 1457,ALIENWARE 14 R1,VENUE 10 PRO (5056),G SERIES G15 5520,CHROMEBOOK 11 (3180) 2-IN-1,VOSTRO 1088,
LATITUDE 3160,PRECISION 3470,INSPIRON 11 (3138),XPS 13 (9370),STUDIO 1458,ALIENWARE 15 R1,VENUE 11 PRO (5130),G SERIES G15 5521 SPECIAL EDITION,CHROMEBOOK 11 (3181),VOSTRO 1200,
LATITUDE 5175 2-IN-1,PRECISION 3480,INSPIRON 11 (3147),XPS 13 (9380),STUDIO 1535,ALIENWARE 15 R2,VENUE 11 PRO (7130),G SERIES G15 5525,CHROMEBOOK 11 (3181) 2-IN-1,VOSTRO 1220,
LATITUDE 5179 2-IN-1,PRECISION 3520,INSPIRON 11 (3148),XPS 13 9305,STUDIO 1536,ALIENWARE 15 R3,VENUE 11 PRO (7139),G SERIES G15 5530,CHROMEBOOK 11 (3189) 2-IN-1,VOSTRO 13 (5370),
LATITUDE 110L,PRECISION 3530,INSPIRON 11 (3152) 2-IN-1,XPS 13 9315,STUDIO 1537,ALIENWARE 15 R4,VENUE 11 PRO (7140),G SERIES G16 7620,CHROMEBOOK 11 (5190),VOSTRO 13 5310,
LATITUDE 7275,PRECISION 3540,INSPIRON 11 (3153) 2-IN-1,XPS 13 9315 2-IN-1,STUDIO 1555,ALIENWARE 17 R1,VENUE 7 (3730),G SERIES G16 7630,CHROMEBOOK 11 (5190) 2-IN-1,VOSTRO 1310,
LATITUDE 120L,PRECISION 3541,INSPIRON 11 (3157) 2-IN-1,XPS 13 PLUS 9320,STUDIO 1557,ALIENWARE 17 R2,VENUE 7 (3740),G SERIES G3 3500,CHROMEBOOK 13 (3380),VOSTRO 1320,
LATITUDE 13,PRECISION 3550,INSPIRON 11 (3158) 2-IN-1,XPS 15 (7590),STUDIO 1558,ALIENWARE 17 R3,VENUE 7 (3741),G SERIES G3 3579,CHROMEBOOK 13 (7310),VOSTRO 14 (3445),
LATITUDE 3379 2-IN-1,PRECISION 3551,INSPIRON 11 (3162),XPS 15 (9570),STUDIO 1569,ALIENWARE 17 R4,VENUE 8 (3830),G SERIES G3 3590,CHROMEBOOK 3100,VOSTRO 14 (3446),
LATITUDE 3380,PRECISION 3560,INSPIRON 11 (3164),XPS 15 (9575) 2-IN-1,STUDIO 1735,ALIENWARE 17 R5,VENUE 8 (3840),G SERIES G3 3779,CHROMEBOOK 3100 2-IN-1,VOSTRO 14 (3449),
LATITUDE 7350 2-IN-1,PRECISION 3561,INSPIRON 11 (3168),XPS 15 9510,STUDIO 1737,ALIENWARE 18 R1,VENUE 8 (7840),G SERIES G5 5090,CHROMEBOOK 3110,VOSTRO 14 (3458),
LATITUDE 7370,PRECISION 3570,INSPIRON 11 (3169),XPS 15 9520,STUDIO 1745,ALIENWARE AREA-51 M15X,VENUE 8 PRO (3845),G SERIES G5 5500,CHROMEBOOK 3110 2-IN-1,VOSTRO 14 (3459),
LATITUDE 131L,PRECISION 3571,INSPIRON 11 (3179),XPS 15 9530,STUDIO 1747,ALIENWARE AREA-51M,VENUE 8 PRO (5830),G SERIES G5 5587,CHROMEBOOK 3400,VOSTRO 14 (3468),
LATITUDE 2100,PRECISION 3580,INSPIRON 11 (3180),XPS 17 9710,STUDIO 1749,ALIENWARE AREA-51M R2,VENUE 8 PRO (5855),G SERIES G5 5590,CHROMEBOOK 7486 2-IN-1,VOSTRO 14 (3478),
LATITUDE 2110,PRECISION 3581,INSPIRON 11 (3185) 2-IN-1,XPS 17 9720,STUDIO ONE 19 (1909),ALIENWARE D900K,,G SERIES G5 SE 5505,,VOSTRO 14 (5458),
LATITUDE 2120,PRECISION 5470,INSPIRON 11 (3195) 2-IN-1,XPS 17 9730,,ALIENWARE D900T,,G SERIES G7 7500,,VOSTRO 14 (5459),
LATITUDE 3120,PRECISION 5520,INSPIRON 1100,XPS M1210,,ALIENWARE M11X,,G SERIES G7 7588,,VOSTRO 14 (5468),
LATITUDE 3120 2-IN-1,PRECISION 5530,INSPIRON 1120 (M101Z),XPS M1330,,ALIENWARE M11XR2,,G SERIES G7 7590,,VOSTRO 14 5410,
LATITUDE 3140,PRECISION 5530 2-IN-1,INSPIRON 1122 (M102Z),XPS M140,,ALIENWARE M11XR3,,G SERIES G7 7700,,VOSTRO 1400,
LATITUDE 3140 2-IN-1,PRECISION 5540,INSPIRON 1150,XPS M1530,,ALIENWARE M14X,,G SERIES G7 7790,,VOSTRO 1440,
LATITUDE 3180,PRECISION 5550,INSPIRON 11Z (1110),XPS M170,,ALIENWARE M14XR2,,,,VOSTRO 1450,
LATITUDE 3189,PRECISION 5560,INSPIRON 11Z (1121),XPS M1710,,ALIENWARE M15,,,,VOSTRO 15 (3546),
LATITUDE 3190,PRECISION 5570,INSPIRON 12 (5280) 2-IN-1,XPS M1730,,ALIENWARE M15 R2,,,,VOSTRO 15 (3549),
LATITUDE 3190 2-IN-1,PRECISION 5750,INSPIRON 1200,XPS M2010,,ALIENWARE M15 R3,,,,VOSTRO 15 (3558),
LATITUDE 3300,PRECISION 5760,INSPIRON 13 (5368) 2-IN-1,STUDIO XPS 1340,,ALIENWARE M15 R4,,,,VOSTRO 15 (3559),
LATITUDE 3301,PRECISION 5770,INSPIRON 13 (5370),STUDIO XPS 1640,,ALIENWARE M15 R6,,,,VOSTRO 15 (3561),
LATITUDE 3310,PRECISION 7520,INSPIRON 13 (5378) 2-IN-1,STUDIO XPS 1645,,ALIENWARE M15 R7,,,,VOSTRO 15 (3562),
LATITUDE 3310 2-IN-1,PRECISION 7530,INSPIRON 13 (5379) 2-IN-1,STUDIO XPS 1647,,ALIENWARE M15 R7 AMD,,,,VOSTRO 15 (3565),
LATITUDE 3320,PRECISION 7540,INSPIRON 13 (7347),XPS 10 TABLET,,ALIENWARE M15 RYZEN EDITION R5,,,,VOSTRO 15 (3568),
LATITUDE 3330,PRECISION 7550,INSPIRON 13 (7348) 2-IN-1,XPS 11 (9P33),,ALIENWARE M15X,,,,VOSTRO 15 (3572),
LATITUDE 3330,PRECISION 7560,INSPIRON 13 (7352),XPS 12 (9250),,ALIENWARE M16 R1,,,,VOSTRO 15 (3578),
LATITUDE 3330 2-IN-1,PRECISION 7670,INSPIRON 13 (7353) 2-IN-1,XPS 12 (9Q23),,ALIENWARE M17,,,,VOSTRO 15 (5568),
LATITUDE 3340,PRECISION 7680,INSPIRON 13 (7359) 2-IN-1,XPS 12 (9Q33),,ALIENWARE M17 R2,,,,VOSTRO 15 (7570),
LATITUDE 3340 2-IN-1,PRECISION 7720,INSPIRON 13 (7368) 2-IN-1,XPS 13 (9300),,ALIENWARE M17 R3,,,,VOSTRO 15 (7580),
LATITUDE 3340,PRECISION 7730,INSPIRON 13 (7370),XPS 13 (9333),,ALIENWARE M17 R4,,,,VOSTRO 15 3515,
LATITUDE 3350,PRECISION 7740,INSPIRON 13 (7373) 2-IN-1,XPS 13 (9343),,ALIENWARE M17 R5 AMD,,,,VOSTRO 15 5510,
LATITUDE 3390 2-IN-1,PRECISION 7750,INSPIRON 13 (7375) 2-IN-1,XPS 13 (9350),,ALIENWARE M17X,,,,VOSTRO 15 7510,
LATITUDE 3400,PRECISION 7760,INSPIRON 13 (7378) 2-IN-1,XPS 13 (9360),,ALIENWARE M17XR2,,,,VOSTRO 1500,
LATITUDE 3410,PRECISION 7770,INSPIRON 13 (7390) 2-IN-1,XPS 13 (9365) 2-IN-1,,ALIENWARE M17XR3,,,,VOSTRO 1510,
LATITUDE 3420,PRECISION M20,INSPIRON 13 5310,XPS 13 (L321X),,ALIENWARE M17XR4,,,,VOSTRO 1520,
LATITUDE 3440,PRECISION M2300,INSPIRON 13 5320,XPS 13 (L322X),,ALIENWARE M18 R1,,,,VOSTRO 1540,
LATITUDE 3440,PRECISION M2400,INSPIRON 1300,XPS 14 (L401X),,ALIENWARE M18X,,,,VOSTRO 1550,
LATITUDE 3450,PRECISION M2800,INSPIRON 1318,XPS 14 (L421X),,ALIENWARE M18XR2,,,,VOSTRO 1700,
LATITUDE 3460,PRECISION M3800,INSPIRON 1320,XPS 14Z (L411Z),,ALIENWARE M5500,,,,VOSTRO 1710,
LATITUDE 3470,PRECISION M40,INSPIRON 1370,XPS 14Z (L412Z),,ALIENWARE M5500I-R3,,,,VOSTRO 1720,
LATITUDE 3480,PRECISION M4300,INSPIRON 13R (N3010),XPS 15 (9500),,ALIENWARE M5550,,,,VOSTRO 2420,
LATITUDE 3490,PRECISION M4400,INSPIRON 13Z (5323),XPS 15 (9530),,ALIENWARE M5700,,,,VOSTRO 2421,
LATITUDE 3500,PRECISION M4500,INSPIRON 13Z (N311Z),XPS 15 (9550),,ALIENWARE M5700I-R3,,,,VOSTRO 2510,
LATITUDE 3510,PRECISION M4600,INSPIRON 14 (3421),XPS 15 (9560),,ALIENWARE M590K / M59K,,,,VOSTRO 2520,
LATITUDE 3520,PRECISION M4700,INSPIRON 14 (3437),XPS 15 (L501X),,ALIENWARE M9700,,,,VOSTRO 3300,
LATITUDE 3530,PRECISION M4800,INSPIRON 14 (3441),XPS 15 (L502X),,ALIENWARE X14,,,,VOSTRO 3330,
LATITUDE 3540,PRECISION M50,INSPIRON 14 (3442),XPS 15 (L521X),,ALIENWARE X15 R1,,,,VOSTRO 3350,
LATITUDE 3540,PRECISION M60,INSPIRON 14 (3443),XPS 15Z (L511Z),,ALIENWARE X15 R2,,,,VOSTRO 3360,
LATITUDE 3550,PRECISION M6300,INSPIRON 14 (3451),XPS 17 (9700),,ALIENWARE X16 R1,,,,VOSTRO 3400,
LATITUDE 3560,PRECISION M6400,INSPIRON 14 (3452),XPS 17 (L701X),,ALIENWARE X17 R1,,,,VOSTRO 3400,
LATITUDE 3570,PRECISION M65,INSPIRON 14 (3458),XPS 17 (L702X),,ALIENWARE X17 R2,,,,VOSTRO 3401,
LATITUDE 3580,PRECISION M6500,INSPIRON 14 (3459),XPS 18 (1810),,ALIENWARE X51,,,,VOSTRO 3405,
LATITUDE 3590,PRECISION M6600,INSPIRON 14 (3462),XPS 18 (1820),,,,,,VOSTRO 3420,
LATITUDE 5280,PRECISION M6700,INSPIRON 14 (3465),XPS GEN1,,,,,,VOSTRO 3425,
LATITUDE 5285 2-IN-1,PRECISION M6800,INSPIRON 14 (3467),XPS GEN2,,,,,,VOSTRO 3450,
LATITUDE 5289 2-IN-1,PRECISION M70,INSPIRON 14 (3468),,,,,,,VOSTRO 3460,
LATITUDE 5290,PRECISION M90,INSPIRON 14 (3473),,,,,,,VOSTRO 3480,
LATITUDE 5290 2-IN-1,PRECISION T1650,INSPIRON 14 (3476),,,,,,,VOSTRO 3481,
LATITUDE 5300,PRECISION WORKSTATION 490,INSPIRON 14 (3482),,,,,,,VOSTRO 3490,
LATITUDE 5300 2-IN-1,,INSPIRON 14 (5439),,,,,,,VOSTRO 3491,
LATITUDE 5300 2-IN-1 CHROMEBOOK,,INSPIRON 14 (5442),,,,,,,VOSTRO 3500,
LATITUDE 5310,,INSPIRON 14 (5443),,,,,,,VOSTRO 3500,
LATITUDE 5310 2-IN-1,,INSPIRON 14 (5445),,,,,,,VOSTRO 3501,
LATITUDE 5320,,INSPIRON 14 (5447),,,,,,,VOSTRO 3510,
LATITUDE 5320 2-IN-1,,INSPIRON 14 (5448),,,,,,,VOSTRO 3520,
LATITUDE 5330,,INSPIRON 14 (5451),,,,,,,VOSTRO 3525,
LATITUDE 5330 2-IN-1,,INSPIRON 14 (5452),,,,,,,VOSTRO 3550,
LATITUDE 5340,,INSPIRON 14 (5455),,,,,,,VOSTRO 3555,
LATITUDE 5340 2-IN-1,,INSPIRON 14 (5457),,,,,,,VOSTRO 3560,
LATITUDE 5400,,INSPIRON 14 (5458),,,,,,,VOSTRO 3580,
LATITUDE 5400 CHROMEBOOK,,INSPIRON 14 (5468),,,,,,,VOSTRO 3581,
LATITUDE 5401,,INSPIRON 14 (5481) 2-IN-1,,,,,,,VOSTRO 3583,
LATITUDE 5404 RUGGED,,INSPIRON 14 (5482) 2-IN-1,,,,,,,VOSTRO 3584,
LATITUDE 5410,,INSPIRON 14 (5485),,,,,,,VOSTRO 3590,
LATITUDE 5411,,INSPIRON 14 (5485) 2-IN-1,,,,,,,VOSTRO 3591,
LATITUDE 5414 RUGGED,,INSPIRON 14 (7437),,,,,,,VOSTRO 3700,
LATITUDE 5420,,INSPIRON 14 (7447),,,,,,,VOSTRO 3750,
LATITUDE 5420 RUGGED,,INSPIRON 14 (7460),,,,,,,VOSTRO 500,
LATITUDE 5421,,INSPIRON 14 (7466),,,,,,,VOSTRO 5300,
LATITUDE 5424 RUGGED,,INSPIRON 14 (7467),,,,,,,VOSTRO 5301,
LATITUDE 5430,,INSPIRON 14 (7472),,,,,,,VOSTRO 5320,
LATITUDE 5430 RUGGED,,INSPIRON 14 (M4010),,,,,,,VOSTRO 5390,
LATITUDE 5431,,INSPIRON 14 5410,,,,,,,VOSTRO 5391,
LATITUDE 5440,,INSPIRON 14 5410 2-IN-1,,,,,,,VOSTRO 5401,
LATITUDE 5480,,INSPIRON 14 5418,,,,,,,VOSTRO 5402,
LATITUDE 5490,,INSPIRON 14 5420,,,,,,,VOSTRO 5415,
LATITUDE 5491,,INSPIRON 14 5420 GEFORCE RTX 2050,,,,,,,VOSTRO 5460,
LATITUDE 5495,,INSPIRON 14 5425,,,,,,,VOSTRO 5470,
LATITUDE 5500,,INSPIRON 14 7420 2-IN-1,,,,,,,VOSTRO 5471,
LATITUDE 5501,,INSPIRON 14 7425 2-IN-1,,,,,,,VOSTRO 5480,
LATITUDE 5510,,INSPIRON 14 PLUS 7420,,,,,,,VOSTRO 5481,
LATITUDE 5511,,INSPIRON 1410,,,,,,,VOSTRO 5490,
LATITUDE 5520,,INSPIRON 1420,,,,,,,VOSTRO 5501,
LATITUDE 5521,,INSPIRON 1427,,,,,,,VOSTRO 5502,
LATITUDE 5530,,INSPIRON 1428,,,,,,,VOSTRO 5515,
LATITUDE 5531,,INSPIRON 1440,,,,,,,VOSTRO 5560,
LATITUDE 5540,,INSPIRON 1464,,,,,,,VOSTRO 5581,
LATITUDE 5580,,INSPIRON 1470,,,,,,,VOSTRO 5590,
LATITUDE 5590,,INSPIRON 14R (5421),,,,,,,VOSTRO 5620,
LATITUDE 5591,,INSPIRON 14R (5437),,,,,,,VOSTRO 5625,
LATITUDE 6430U,,INSPIRON 14R (7420),,,,,,,VOSTRO 7500,
LATITUDE 7200 2-IN-1,,INSPIRON 14R (N4010),,,,,,,VOSTRO 7590,
LATITUDE 7202 RUGGED,,INSPIRON 14R (N4110),,,,,,,VOSTRO 7620,
LATITUDE 7204 RUGGED,,INSPIRON 14R 5420,,,,,,,VOSTRO A840,
LATITUDE 7210 2-IN-1,,INSPIRON 14Z (5423),,,,,,,VOSTRO A860,
LATITUDE 7212 RUGGED,,INSPIRON 14Z (N411Z),,,,,,,VOSTRO A90,
LATITUDE 7214 RUGGED,,INSPIRON 15 (3531),,,,,,,VOSTRO V13,
LATITUDE 7220 RUGGED,,INSPIRON 15 (3537),,,,,,,VOSTRO V130,
LATITUDE 7220 RUGGED EXTREME,,INSPIRON 15 (3541),,,,,,,VOSTRO V131,
LATITUDE 7280,,INSPIRON 15 (3542),,,,,,,,
LATITUDE 7285 2-IN-1,,INSPIRON 15 (3543),,,,,,,,
LATITUDE 7290,,INSPIRON 15 (3551),,,,,,,,
LATITUDE 7300,,INSPIRON 15 (3552),,,,,,,,
LATITUDE 7310,,INSPIRON 15 (3555),,,,,,,,
LATITUDE 7310 2-IN-1,,INSPIRON 15 (3559),,,,,,,,
LATITUDE 7320,,INSPIRON 15 (3565),,,,,,,,
LATITUDE 7320 2-IN-1,,INSPIRON 15 (3567),,,,,,,,
LATITUDE 7320 DETACHABLE,,INSPIRON 15 (3568),,,,,,,,
LATITUDE 7330,,INSPIRON 15 (3573),,,,,,,,
LATITUDE 7330 2-IN-1,,INSPIRON 15 (3576),,,,,,,,
LATITUDE 7330 RUGGED EXTREME,,INSPIRON 15 (3583),,,,,,,,
LATITUDE 7340,,INSPIRON 15 (3590),,,,,,,,
LATITUDE 7340 2-IN-1,,INSPIRON 15 (5542),,,,,,,,
LATITUDE 7380,,INSPIRON 15 (5543),,,,,,,,
LATITUDE 7389 2-IN-1,,INSPIRON 15 (5545),,,,,,,,
LATITUDE 7390,,INSPIRON 15 (5547),,,,,,,,
LATITUDE 7390 2-IN-1,,INSPIRON 15 (5548),,,,,,,,
LATITUDE 7400,,INSPIRON 15 (5551),,,,,,,,
LATITUDE 7400 2-IN-1,,INSPIRON 15 (5552),,,,,,,,
LATITUDE 7404 RUGGED,,INSPIRON 15 (5555),,,,,,,,
LATITUDE 7410,,INSPIRON 15 (5557),,,,,,,,
LATITUDE 7410 2-IN-1,,INSPIRON 15 (5558),,,,,,,,
LATITUDE 7410 2-IN-1 CHROMEBOOK,,INSPIRON 15 (5559),,,,,,,,
LATITUDE 7410 CHROMEBOOK,,INSPIRON 15 (5565),,,,,,,,
LATITUDE 7414 RUGGED,,INSPIRON 15 (5566),,,,,,,,
LATITUDE 7420,,INSPIRON 15 (5567),,,,,,,,
LATITUDE 7420 2-IN-1,,INSPIRON 15 (5568) 2-IN-1,,,,,,,,
LATITUDE 7424 RUGGED,,INSPIRON 15 (5570),,,,,,,,
LATITUDE 7430,,INSPIRON 15 (5575),,,,,,,,
LATITUDE 7430 2-IN-1,,INSPIRON 15 (5576),,,,,,,,
LATITUDE 7440,,INSPIRON 15 (5577),,,,,,,,
LATITUDE 7440 2-IN-1,,INSPIRON 15 (5578) 2-IN-1,,,,,,,,
LATITUDE 7480,,INSPIRON 15 (5579) 2-IN-1,,,,,,,,
LATITUDE 7490,,INSPIRON 15 (5582) 2-IN-1,,,,,,,,
LATITUDE 7520,,INSPIRON 15 (5583),,,,,,,,
LATITUDE 7530,,INSPIRON 15 (5585),,,,,,,,
LATITUDE 7640,,INSPIRON 15 (7537),,,,,,,,
LATITUDE 7640 2-IN-1,,INSPIRON 15 (7547),,,,,,,,
LATITUDE 9330,,INSPIRON 15 (7548),,,,,,,,
LATITUDE 9330 2-IN-1,,INSPIRON 15 (7557),,,,,,,,
LATITUDE 9410 2-IN-1,,INSPIRON 15 (7558),,,,,,,,
LATITUDE 9420,,INSPIRON 15 (7559),,,,,,,,
LATITUDE 9420 2-IN-1,,INSPIRON 15 (7560),,,,,,,,
LATITUDE 9430,,INSPIRON 15 (7566),,,,,,,,
LATITUDE 9430 2-IN-1,,INSPIRON 15 (7567),,,,,,,,
LATITUDE 9510,,INSPIRON 15 (7568) 2-IN-1,,,,,,,,
LATITUDE 9510 2-IN-1,,INSPIRON 15 (7569) 2-IN-1,,,,,,,,
LATITUDE 9520,,INSPIRON 15 (7570),,,,,,,,
LATITUDE 9520 2-IN-1,,INSPIRON 15 (7572),,,,,,,,
LATITUDE ATG D620,,INSPIRON 15 (7573) 2-IN-1,,,,,,,,
LATITUDE ATG D630,,INSPIRON 15 (7577),,,,,,,,
LATITUDE ATG E6400,,INSPIRON 15 (7580),,,,,,,,
LATITUDE ATG E6410,,INSPIRON 15 (7586) 2-IN-1,,,,,,,,
LATITUDE ATG E6420,,INSPIRON 15 3510,,,,,,,,
LATITUDE ATG E6430,,INSPIRON 15 3511,,,,,,,,
LATITUDE C400,,INSPIRON 15 3515,,,,,,,,
LATITUDE C500,,INSPIRON 15 3520,,,,,,,,
LATITUDE C510,,INSPIRON 15 3521,,,,,,,,
LATITUDE C540,,INSPIRON 15 3530,,,,,,,,
LATITUDE C600,,INSPIRON 15 3535,,,,,,,,
LATITUDE C610,,INSPIRON 15 5510,,,,,,,,
LATITUDE C640,,INSPIRON 15 5518,,,,,,,,
LATITUDE C800,,INSPIRON 15 5584,,,,,,,,
LATITUDE C810,,INSPIRON 15 7510,,,,,,,,
LATITUDE C840,,INSPIRON 15 7579 2-IN-1,,,,,,,,
LATITUDE CP,,INSPIRON 1501,,,,,,,,
LATITUDE CPI A,,INSPIRON 1520,,,,,,,,
LATITUDE CPI D,,INSPIRON 1521,,,,,,,,
LATITUDE CPI R,,INSPIRON 1525,,,,,,,,
LATITUDE CPT,,INSPIRON 1526,,,,,,,,
LATITUDE CPX H,,INSPIRON 1545,,,,,,,,
LATITUDE CPX J,,INSPIRON 1546,,,,,,,,
LATITUDE CS R,,INSPIRON 1564,,,,,,,,
LATITUDE CSX H,,INSPIRON 1570,,,,,,,,
LATITUDE D400,,INSPIRON 15R (5520),,,,,,,,
LATITUDE D410,,INSPIRON 15R (5521),,,,,,,,
LATITUDE D420,,INSPIRON 15R (5537),,,,,,,,
LATITUDE D430,,INSPIRON 15R (7520),,,,,,,,
LATITUDE D500,,INSPIRON 15R (N5010),,,,,,,,
LATITUDE D505,,INSPIRON 15R (N5110),,,,,,,,
LATITUDE D510,,INSPIRON 15Z (5523),,,,,,,,
LATITUDE D520,,INSPIRON 16 5620 GEFORCE MX570,,,,,,,,
LATITUDE D530,,INSPIRON 16 5620 GEFORCE RTX 2050,,,,,,,,
LATITUDE D531,,INSPIRON 16 5625,,,,,,,,
LATITUDE D600,,INSPIRON 16 7610,,,,,,,,
LATITUDE D610,,INSPIRON 16 7620 2-IN-1,,,,,,,,
LATITUDE D620,,INSPIRON 17 (3721),,,,,,,,
LATITUDE D630,,INSPIRON 17 (3737),,,,,,,,
LATITUDE D630C,,INSPIRON 17 (3790),,,,,,,,
LATITUDE D631,,INSPIRON 17 (3793),,,,,,,,
LATITUDE D800,,INSPIRON 17 (5748),,,,,,,,
LATITUDE D810,,INSPIRON 17 (5749),,,,,,,,
LATITUDE D820,,INSPIRON 17 (5755),,,,,,,,
LATITUDE D830,,INSPIRON 17 (5758),,,,,,,,
LATITUDE E4200,,INSPIRON 17 (5759),,,,,,,,
LATITUDE E4300,,INSPIRON 17 (5765),,,,,,,,
LATITUDE E4310,,INSPIRON 17 (5767),,,,,,,,
LATITUDE E5250,,INSPIRON 17 (5770),,,,,,,,
LATITUDE E5270,,INSPIRON 17 (5775),,,,,,,,
LATITUDE E5400,,INSPIRON 17 (7737),,,,,,,,
LATITUDE E5410,,INSPIRON 17 (7746),,,,,,,,
LATITUDE E5420,,INSPIRON 17 (7773) 2-IN-1,,,,,,,,
LATITUDE E5420M,,INSPIRON 17 (7778) 2-IN-1,,,,,,,,
LATITUDE E5430,,INSPIRON 17 (7779) 2-IN-1,,,,,,,,
LATITUDE E5440,,INSPIRON 17 (7786) 2-IN-1,,,,,,,,
LATITUDE E5450,,INSPIRON 1720,,,,,,,,
LATITUDE E5470,,INSPIRON 1721,,,,,,,,
LATITUDE E5500,,INSPIRON 1750,,,,,,,,
LATITUDE E5510,,INSPIRON 1764,,,,,,,,
LATITUDE E5520,,INSPIRON 17R (5720),,,,,,,,
LATITUDE E5520M,,INSPIRON 17R (5721),,,,,,,,
LATITUDE E5530,,INSPIRON 17R (5737),,,,,,,,
LATITUDE E5540,,INSPIRON 17R (7720),,,,,,,,
LATITUDE E5550,,INSPIRON 17R (N7010),,,,,,,,
LATITUDE E5570,,INSPIRON 17R (N7110),,,,,,,,
LATITUDE E6220,,INSPIRON 2100,,,,,,,,
LATITUDE E6230,,INSPIRON 2200,,,,,,,,
LATITUDE E6320,,INSPIRON 2500,,,,,,,,
LATITUDE E6330,,INSPIRON 2600,,,,,,,,
LATITUDE E6400,,INSPIRON 2650,,,,,,,,
LATITUDE E6410,,INSPIRON 300M,,,,,,,,
LATITUDE E6420,,INSPIRON 3420,,,,,,,,
LATITUDE E6430,,INSPIRON 3480,,,,,,,,
LATITUDE E6430S,,INSPIRON 3481,,,,,,,,
LATITUDE E6440,,INSPIRON 3490,,,,,,,,
LATITUDE E6500,,INSPIRON 3493,,,,,,,,
LATITUDE E6510,,INSPIRON 3500,,,,,,,,
LATITUDE E6520,,INSPIRON 3501,,,,,,,,
LATITUDE E6530,,INSPIRON 3502,,,,,,,,
LATITUDE E6540,,INSPIRON 3505,,,,,,,,
LATITUDE E7240,,INSPIRON 3520,,,,,,,,
LATITUDE E7250,,INSPIRON 3521,,,,,,,,
LATITUDE E7270,,INSPIRON 3525,,,,,,,,
LATITUDE E7440,,INSPIRON 3558,,,,,,,,
LATITUDE E7450,,INSPIRON 3580,,,,,,,,
LATITUDE E7470,,INSPIRON 3581,,,,,,,,
LATITUDE L400,,INSPIRON 3582,,,,,,,,
LATITUDE LM,,INSPIRON 3584,,,,,,,,
LATITUDE LS,,INSPIRON 3585,,,,,,,,
LATITUDE ST TABLET,,INSPIRON 3593,,,,,,,,
LATITUDE X1,,INSPIRON 3595,,,,,,,,
LATITUDE X200,,INSPIRON 3700,,,,,,,,
LATITUDE X300,,INSPIRON 3780,,,,,,,,
LATITUDE XFR D630,,INSPIRON 3781,,,,,,,,
LATITUDE XFR E6400,,INSPIRON 3782,,,,,,,,
LATITUDE XFR E6420,,INSPIRON 3785,,,,,,,,
LATITUDE XFR XT2,,INSPIRON 3800,,,,,,,,
LATITUDE XT,,INSPIRON 4000,,,,,,,,
LATITUDE XT2,,INSPIRON 4100,,,,,,,,
LATITUDE XT3,,INSPIRON 4150,,,,,,,,
LATITUDE Z600,,INSPIRON 5000/5000E,,,,,,,,
,,INSPIRON 500M,,,,,,,,
,,INSPIRON 5100,,,,,,,,
,,INSPIRON 510M,,,,,,,,
,,INSPIRON 5150,,,,,,,,
,,INSPIRON 5160,,,,,,,,
,,INSPIRON 5300,,,,,,,,
,,INSPIRON 5301,,,,,,,,
,,INSPIRON 5390,,,,,,,,
,,INSPIRON 5391,,,,,,,,
,,INSPIRON 5400 2-IN-1,,,,,,,,
,,INSPIRON 5401,,,,,,,,
,,INSPIRON 5402,,,,,,,,
,,INSPIRON 5405,,,,,,,,
,,INSPIRON 5406 2-IN-1,,,,,,,,
,,INSPIRON 5415,,,,,,,,
,,INSPIRON 5459,,,,,,,,
,,INSPIRON 5480,,,,,,,,
,,INSPIRON 5488,,,,,,,,
,,INSPIRON 5490,,,,,,,,
,,INSPIRON 5491 2-IN-1,,,,,,,,
,,INSPIRON 5493,,,,,,,,
,,INSPIRON 5494,,,,,,,,
,,INSPIRON 5498,,,,,,,,
,,INSPIRON 5501,,,,,,,,
,,INSPIRON 5502,,,,,,,,
,,INSPIRON 5505,,,,,,,,
,,INSPIRON 5515,,,,,,,,
,,INSPIRON 5580,,,,,,,,
,,INSPIRON 5590,,,,,,,,
,,INSPIRON 5591 2-IN-1,,,,,,,,
,,INSPIRON 5593,,,,,,,,
,,INSPIRON 5594,,,,,,,,
,,INSPIRON 5598,,,,,,,,
,,INSPIRON 6000,,,,,,,,
,,INSPIRON 600M,,,,,,,,
,,INSPIRON 630M,,,,,,,,
,,INSPIRON 6400,,,,,,,,
,,INSPIRON 640M,,,,,,,,
,,INSPIRON 7000,,,,,,,,
,,INSPIRON 700M,,,,,,,,
,,INSPIRON 710M,,,,,,,,
,,INSPIRON 7300,,,,,,,,
,,INSPIRON 7300 2-IN-1 BLACK,,,,,,,,
,,INSPIRON 7300 2-IN-1 SILVER,,,,,,,,
,,INSPIRON 7306 2-IN-1 BLACK,,,,,,,,
,,INSPIRON 7306 2-IN-1 SILVER,,,,,,,,
,,INSPIRON 7380,,,,,,,,
,,INSPIRON 7386 2-IN-1,,,,,,,,
,,INSPIRON 7391,,,,,,,,
,,INSPIRON 7391 2-IN-1,,,,,,,,
,,INSPIRON 7400,,,,,,,,
,,INSPIRON 7405 2-IN-1,,,,,,,,
,,INSPIRON 7415 2-IN-1,,,,,,,,
,,INSPIRON 7490,,,,,,,,
,,INSPIRON 7500,,,,,,,,
,,INSPIRON 7500,,,,,,,,
,,INSPIRON 7500 2-IN-1 BLACK,,,,,,,,
,,INSPIRON 7500 2-IN-1 SILVER,,,,,,,,
,,INSPIRON 7501,,,,,,,,
,,INSPIRON 7506 2-IN-1 BLACK,,,,,,,,
,,INSPIRON 7506 2-IN-1 SILVER,,,,,,,,
,,INSPIRON 7590,,,,,,,,
,,INSPIRON 7590 2-IN-1,,,,,,,,
,,INSPIRON 7591,,,,,,,,
,,INSPIRON 7591 2-IN-1,,,,,,,,
,,INSPIRON 7706 2-IN-1,,,,,,,,
,,INSPIRON 7791 2-IN-1,,,,,,,,
,,INSPIRON 8000,,,,,,,,
,,INSPIRON 8100,,,,,,,,
,,INSPIRON 8200,,,,,,,,
,,INSPIRON 8500,,,,,,,,
,,INSPIRON 8600,,,,,,,,
,,INSPIRON 9100,,,,,,,,
,,INSPIRON 9200,,,,,,,,
,,INSPIRON 9300,,,,,,,,
,,INSPIRON 9400,,,,,,,,
,,INSPIRON B120,,,,,,,,
,,INSPIRON B130,,,,,,,,
,,INSPIRON E1405,,,,,,,,
,,INSPIRON E1505,,,,,,,,
,,INSPIRON E1705,,,,,,,,
,,INSPIRON M4040,,,,,,,,
,,INSPIRON M431R (5435),,,,,,,,
,,INSPIRON M501R (M5010),,,,,,,,
,,INSPIRON M5030,,,,,,,,
,,INSPIRON M5040,,,,,,,,
,,INSPIRON M511R (M5110),,,,,,,,
,,INSPIRON M531R (5535),,,,,,,,
,,INSPIRON M731R (5735),,,,,,,,
,,INSPIRON MINI 10 (1010),,,,,,,,
,,INSPIRON MINI 10 (1012),,,,,,,,
,,INSPIRON MINI 10V (1011),,,,,,,,
,,INSPIRON MINI 12 (1210),,,,,,,,
,,INSPIRON MINI 9 (910),,,,,,,,
,,INSPIRON MINI DUO (1090),,,,,,,,
,,INSPIRON N4020,,,,,,,,
,,INSPIRON N4030,,,,,,,,
,,INSPIRON N4050,,,,,,,,
,,INSPIRON N5030,,,,,,,,
,,INSPIRON N5040,,,,,,,,
,,INSPIRON N5050,,,,,,,,
,,INSPIRON ONE 19,,,,,,,,
,,INSPIRON ONE 23 (2350),,,,,,,,
